categorie,execution_2025_rm,budget_2026_rm,perspective_2027_rm
Revenus,35630286,36641214,37668628
Frais de scolarité - Particulier,19002384,23631472,24421480
Frais de scolarité - Entreprise,12864787,10011102,10064504
Frais d'inscription & pénalités,2554572,2000000,2000000
Frais d'inscription & admin,3500,0,0
Revenus des scolarités,34425242,35642574,36485984
"Revenu AES, AESH & Garderie",1340419,1438000,1507000
Revenu des voyages & Sorties,1550783,1320000,1395240
Donations & Sponsor,15741,30000,50000
Revenu divers (mutualisation),33824,10000,10000
Revenu financiers,164309,206527,306527
"Revenu annexes (voyages, garderie, AESH, AES)",3105076,3004527,3268767
Déductions tarifaires,-1900032,-2005887,-2086123
Pole Education & Pédagogie,-22650421,-25390580,-27048288
Communication,-45251,-292000,-303680
Coût des AES,-500550,-472186,-491073
Coût des voyages & sorties,-2022433,-1600000,-1664000
Crédits pédagogiques,-591712,-647655,-673561
Dépenses diverses liés à l'élève,-125726,-159750,-166140
"Dépenses pédagogiques (crédits péda, AES, voyages, communication)",-3285672,-3171591,-3298455
Formation des personnels pédagogiques,-239192,-240000,-249600
Coût des personnels pédagogiques,-19125557,-21978989,-23500234
Dépenses admin et Service Général,-6605733,-6877030,-7059165
Coût des personnels administratifs,-2745531,-2934185,-3058458
Formation des personnels administratifs,-24135,-31169,-32786
Frais administratifs & bancaires,-360609,-25000,-25000
Frais administratifs & logistiques,-60895,-51898,-53974
Frais de réception,-114125,-184361,-188416
Gardiennage,-797335,-763559,-794101
Licence IT & Dépenses informatiques,-173743,-223131,-232057
Maintenance des bâtiments et équipements,-1436745,-1626689,-1686615
Petites dépenses de fourniture,-88779,-85399,-88815
Projets européens,-13991,-100000,-100000
Services & frais professionnels,-132964,-162409,-86746
"Taxes, Impôts & pénalités",-171048,-175000,-177400
Viabilisation & Téléphone,-485833,-514229,-534798
"Frais généraux (bâtiment, sécurité, IT, services, viabilisation, leasing)",-3836067,-3911676,-3967921
Produits & charges non décaissables (Dépréciations),-2043062,-2067180,-2067180
Depreciations & amortissement,-2043062,-2067180,-2067180
Résultat Net,4331071,2306423,1493995
