type,objet,estimation_rm,periode,part_lfkl_rm
Sécurité & Accès,Optimisation Speakers PA System Hevea,50000.0,2026 - S1,38750.0
Station technique - Pompes eaux usées,Remplacement du tableau de contrôle électrique et remplacement d'une pompe - Phase 1/2,143880.0,2026 - S1,111507.0
Sécurité & Accès,"Digitalisation des accès sécurité niveaux -4 & -5, auditorium, Gymnase Hévéa / LFKL",60000.0,2026 - S1,46500.0
Install. Sport & Récréatives,Jeux Hévéa - proposition moins accidentogène,15000.0,2026 - S1,11625.0
Accessibilité foncière,Aménagement d'une Rampe d'accès vers le terrain de sport du LFKL,400000.0,2026 - S1,310000.0
Accessibilité foncière,Road Clearing on Dutamas Raya,130000.0,2027 - S1,100750.0
Terrain de sport,Abris / point d'eau sur le terrain de sport du LFKL,77800.0,2026 - S2,60295.0
Dévelopt immobilier,EXTENSION LFKL - Phase 1 : Elaboration du Programme,80000.0,2026 - S1,80000.0
Aménagt Espaces,Sun Sailing & Pergola extension for Hevea,55000.0,2026 - S1,42625.0
Install. Sport & Récréatives,HEvea zone 3,50000.0,2027 - S2,38750.0
Véhicule,Achat Véhicule de Transport de matériel adapté pour la logistique du campus,70000.0,2026 - S1,54250.0
Restauration,Eurocampus Food Trailer stationnaire à l'entrée LFKL,42000.0,2026 - S1,32550.0
Acoustique des espaces,Etudes Acousticien,15000.0,2026 - S1,11625.0
Immatériel & PI,Refonte du site Internet LFKL,100000.0,2026 - S1,100000.0
Parc IT,Passage en téléphonie IP,20000.0,2026 - S1,20000.0
Parc IT,Système de Visio Hybride - salle de réunion 1 - LFKL,35000.0,2026 - S1,35000.0
Parc IT,Ecrans dynamiques pour le Campus Principal x 6 + 2 (cantine),45000.0,2026 - S1,34875.0
Parc IT,Administration - Achat & renouvellement de 10 moniteurs,10000.0,2026 - S1,10000.0
Parc IT,Plan pluriannuel de renouvèlement Parc IT via Leasing-to-Own - Phase 2,16848.0,2026 - S1,16848.0
Parc IT,Plan pluriannuel de renouvèlement Parc IT via Leasing-to-Own - Phase 2,54706.666666666664,2026 - S1,54706.666666666664
Parc IT,Plan pluriannuel de renouvèlement Parc IT via Leasing-to-Own - Phase 2,29333.333333333332,2026 - S2,29333.333333333332
Parc IT,Plan pluriannuel de renouvèlement Parc IT via Leasing-to-Own - Phase 2,16412.000000000004,2026 - S1,16412.000000000004
Parc IT,Chariots mobiles pour maths x 2,15596.0,2026 - S1,15596.0
Parc IT,Chariots mobiles pour maths x 2 supplémentaires,15596.0,2026 - S1,15596.0
Parc IT,Imprimante CDI,3500.0,2026 - S1,3500.0
Install. Sport & Récréatives,Rénovation Cour de récréation LFKL,350000.0,2026 - S2,271250.0
Aménagt Espaces,Inversion des pôles collèges et lycée,6000.0,2026 - S2,6000.0
Mobilier Péda & Bureaux,Phase 2/3 - Renouvèlement des mobiliers de salles de classes - secondaire et inversion des pôles collèges et lycée,45000.0,2026 - S2,45000.0
Mobilier Péda & Bureaux,Phase 2/3 - Renouvèlement des mobiliers de salles de classes - primaire,30000.0,2026 - S2,30000.0
Mobilier Péda & Bureaux,Crédit mobilier et innovation pédagogique,30000.0,2026 - S2,30000.0
Véhicule,Leasing d'un Véhicule de Transport Cantine,30000.0,2026 - S2,23250.0
Dévelopt immobilier,EXTENSION LFKL Phase 2 : Etude de Faisabilité & Budget,100000.0,2026 - S2,100000.0
Piscines,Main Swimming Pool: Tiling,100200.0,2026 - S1,77655.0
Piscines,Main Swimming Pool: Pump,97000.0,2027 - S2,75175.0
Aménagt Espaces,Renouvèlement de salles et couloirs pour été 2026,40000.0,2026 - S2,31000.0
Parc IT,Plan pluriannuel de renouvèlement Parc IT via Leasing-to-Own - Phase 2,44880.0,2026 - S2,44880.0
Parc IT,Plan pluriannuel de renouvèlement Parc IT via Leasing-to-Own - Phase 2,19848.0,2026 - S2,19848.0
Parc IT,Plan pluriannuel de renouvèlement Parc IT via Leasing-to-Own - Phase 2,19200.0,2026 - S2,19200.0
Parc IT,Plan pluriannuel de renouvèlement Parc IT via Leasing-to-Own - Phase 3,4800.0,2026 - S2,4800.0
Parc IT,Plan pluriannuel de renouvèlement Parc IT via Leasing-to-Own - Phase 2,12096.0,2026 - S2,12096.0
Parc IT,Hévéa - Renouvellement de 2 Smartboards 86 par des MX - classes de primaire,60000.0,2026 - S2,60000.0
Parc IT,Mise à niveau - Infrastructure Réseau - Phase 3,70000.0,2026 - S2,70000.0
Parc IT,Mobilier informatique pour 3 classes de CM2,20000.0,2026 - S2,20000.0
Dévelopt immobilier,Aménagement du terrain multiactivité de Duta Ria,150000.0,2027 - S1,116250.0
Restauration,Four GN2/1 20 niveau sur Hévéa,85000.0,2027 - S1,65875.0
Station technique - Pompes eaux usées,Remplacement des 2 autres pompes des eaux usées - Phase 2/2,75000.0,2026 - S1,58125.0
Mobilier Péda & Bureaux,Phase 3/3 - Renouvèlement des mobiliers de salles de classes - primaire,30000.0,2027 - S2,30000.0
Mobilier Péda & Bureaux,Phase 3/3 - Renouvèlement des mobiliers de salles de classes - secondaire,30000.0,2027 - S2,30000.0
Aménagt Espaces,Trophee Hall - Hall des honneurs + alumni,15000.0,2027 - S2,11625.0
Aménagt Espaces,Signalétique LFKL / EUROCAMPUS,30000.0,2027 - S2,23250.0
Terrain de sport,Renovation complète du Terrain de sport,2000000.0,2027 - S2,1550000.0
Restauration,Réaménagement des espaces de restauration de la cantine du site LFKL main campus,300000.0,2027 - S2,232500.0
Parc IT,Plan pluriannuel de renouvèlement Parc IT via Leasing-to-Own - Phase 3,36960.0,2027 - S2,36960.0
Parc IT,2nd vidéo-projecteur dans l'auditorium,40000.0,2027 - S2,31000.0
Parc IT,Plan pluriannuel de renouvèlement Parc IT via Leasing-to-Own - Phase 3,33600.0,2027 - S2,33600.0
