annee_scolaire,niveau,effectif
2014-15,PS,26
2015-16,PS,28
2016-17,PS,46
2017-18,PS,27
2018-19,PS,19
2019-20,PS,33
2020-21,PS,23
2021-22,PS,12
2022-23,PS,14
2023-24,PS,19
2024-25,PS,17
2025-26,PS,13
2014-15,MS,67
2015-16,MS,54
2016-17,MS,36
2017-18,MS,48
2018-19,MS,40
2019-20,MS,30
2020-21,MS,38
2021-22,MS,32.5
2022-23,MS,21
2023-24,MS,20
2024-25,MS,33
2025-26,MS,37
2014-15,GS,69
2015-16,GS,78
2016-17,GS,76
2017-18,GS,47
2018-19,GS,42
2019-20,GS,57
2020-21,GS,43
2021-22,GS,43.5
2022-23,GS,48
2023-24,GS,34
2024-25,GS,45
2025-26,GS,50
2014-15,CP,74
2015-16,CP,69
2016-17,CP,56
2017-18,CP,77
2018-19,CP,54
2019-20,CP,50
2020-21,CP,63
2021-22,CP,43.5
2022-23,CP,60
2023-24,CP,54
2024-25,CP,52
2025-26,CP,55
2014-15,CE1,65
2015-16,CE1,68
2016-17,CE1,66
2017-18,CE1,61
2018-19,CE1,67
2019-20,CE1,53
2020-21,CE1,56
2021-22,CE1,61
2022-23,CE1,50
2023-24,CE1,61
2024-25,CE1,62
2025-26,CE1,62
2014-15,CE2,76
2015-16,CE2,55
2016-17,CE2,57
2017-18,CE2,70
2018-19,CE2,58
2019-20,CE2,61
2020-21,CE2,50
2021-22,CE2,43.5
2022-23,CE2,62
2023-24,CE2,55
2024-25,CE2,63
2025-26,CE2,68
2014-15,CM1,64
2015-16,CM1,70
2016-17,CM1,47
2017-18,CM1,54
2018-19,CM1,64
2019-20,CM1,58
2020-21,CM1,52
2021-22,CM1,45
2022-23,CM1,47
2023-24,CM1,65
2024-25,CM1,62
2025-26,CM1,77
2014-15,CM2,70
2015-16,CM2,54
2016-17,CM2,61
2017-18,CM2,42
2018-19,CM2,53
2019-20,CM2,58
2020-21,CM2,53
2021-22,CM2,51
2022-23,CM2,51
2023-24,CM2,51
2024-25,CM2,68
2025-26,CM2,62
2014-15,6e,60
2015-16,6e,63
2016-17,6e,54
2017-18,6e,55
2018-19,6e,45
2019-20,6e,51
2020-21,6e,47
2021-22,6e,43
2022-23,6e,58
2023-24,6e,48
2024-25,6e,55
2025-26,6e,80
2014-15,5e,49
2015-16,5e,50
2016-17,5e,57
2017-18,5e,53
2018-19,5e,48
2019-20,5e,43
2020-21,5e,48
2021-22,5e,44
2022-23,5e,42
2023-24,5e,58
2024-25,5e,48
2025-26,5e,52
2014-15,4e,62
2015-16,4e,51
2016-17,4e,54
2017-18,4e,55
2018-19,4e,44
2019-20,4e,39
2020-21,4e,46
2021-22,4e,42
2022-23,4e,43
2023-24,4e,36
2024-25,4e,63
2025-26,4e,46
2014-15,3e,51
2015-16,3e,60
2016-17,3e,45
2017-18,3e,53
2018-19,3e,55
2019-20,3e,43
2020-21,3e,36
2021-22,3e,33
2022-23,3e,41
2023-24,3e,37
2024-25,3e,33
2025-26,3e,55
2014-15,2nde,35
2015-16,2nde,48
2016-17,2nde,51
2017-18,2nde,40
2018-19,2nde,41
2019-20,2nde,51
2020-21,2nde,37
2021-22,2nde,32.5
2022-23,2nde,31
2023-24,2nde,38
2024-25,2nde,38
2025-26,2nde,37
2014-15,1ere,40
2015-16,1ere,30
2016-17,1ere,37
2017-18,1ere,50
2018-19,1ere,36
2019-20,1ere,38
2020-21,1ere,50
2021-22,1ere,27
2022-23,1ere,37
2023-24,1ere,27
2024-25,1ere,41
2025-26,1ere,37
2014-15,Tle,44
2015-16,Tle,34
2016-17,Tle,27
2017-18,Tle,30
2018-19,Tle,47
2019-20,Tle,38
2020-21,Tle,30
2021-22,Tle,44
2022-23,Tle,29
2023-24,Tle,33
2024-25,Tle,25
2025-26,Tle,44
